EngineSize,Cylinders,FuelConsumption_City,FuelConsumption_Hwy,FuelConsumption_Comb,FuelType,CO2Emissions
3.496714153,8,10.28177249,7.876213433,9.078992963,D,
2.861735699,4,6.463121269,5.282726154,5.872923712,D,
3.647688538,8,10.64633543,8.1755906,9.410963014,E,
4.523029856,4,9.704794827,7.95205996,8.828427394,D,
2.765846625,8,9.067926996,7.009143183,8.03853509,D,
2.765863043,8,6.810593865,5.188004815,5.99929934,D,
4.579212816,6,11.02720021,8.452662676,9.739931445,Z,
3.767434729,4,8.934598321,6.702728633,7.818663477,D,
